-- 智慧居家养老服务管理平台 - 测试数据
USE elderly_care;

-- ============================================
-- 1. 服务商数据 (t_provider) - 延安市及下属区县
-- ============================================
INSERT INTO t_provider (provider_id, provider_no, provider_name, provider_type, contact_person, contact_phone, contact_email, business_address, status, rating, create_time, update_time, deleted) VALUES
('P001', 'PR202401001', '延安市宝塔区福寿康养老服务有限公司', 'HOME_CARE', '张建国', '13800138001', 'zhangjk@fsk.com', '延安市宝塔区南关街88号', 'APPROVED', 4.85, '2024-01-15 08:30:00', '2024-03-20 14:20:00', 0),
('P002', 'PR202401002', '延安市幸福里养老服务中心', 'DAYCARE', '李秀英', '13800138002', 'lixy@xfli.com', '延安市宝塔区枣园路120号', 'APPROVED', 4.72, '2024-02-01 09:00:00', '2024-03-18 10:15:00', 0),
('P003', 'PR202401003', '延安市安塞区夕阳红养老服务公司', 'HOME_CARE', '王明华', '13800138003', 'wangmh@xyh.com', '延安市安塞区文化路66号', 'APPROVED', 4.63, '2024-02-10 10:30:00', '2024-03-15 16:45:00', 0),
('P004', 'PR202401004', '延安市温馨家园养老服务', 'HOME_CARE', '陈丽娟', '13800138004', 'chenlj@wxc.com', '延安市延川县文汇路88号', 'APPROVED', 4.90, '2024-02-20 14:00:00', '2024-03-22 11:30:00', 0),
('P005', 'PR202401005', '延安市子长市康养居家养老服务', 'DAYCARE', '刘德明', '13800138005', 'liudm@ky.com', '延安市子长市兴盛路55号', 'PENDING', 0.00, '2024-03-01 09:15:00', '2024-03-01 09:15:00', 0),
('P006', 'PR202401006', '延安市黄陵县银龄养老服务中心', 'COMMUNITY', '赵雪梅', '13800138006', 'zhaoxm@yl.com', '延安市黄陵县桥山路99号', 'APPROVED', 4.55, '2024-03-05 11:00:00', '2024-03-20 15:20:00', 0);

-- ============================================
-- 2. 服务人员数据 (t_staff) - 延安市及下属区县
-- ============================================
INSERT INTO t_staff (staff_id, staff_no, provider_id, staff_name, gender, birth_date, phone, address, status, create_time, update_time, deleted) VALUES
('S001', 'ST2024001', 'P001', '张小梅', 'FEMALE', '1985-03-15', '13900139001', '延安市宝塔区南市街道', 'ON_JOB', '2024-01-20 08:30:00', '2024-03-15 10:00:00', 0),
('S002', 'ST2024002', 'P001', '李建国', 'MALE', '1978-07-22', '13900139002', '延安市宝塔区凤凰山街道', 'ON_JOB', '2024-01-25 09:00:00', '2024-03-18 14:30:00', 0),
('S003', 'ST2024003', 'P002', '王秀芳', 'FEMALE', '1990-11-08', '13900139003', '延安市宝塔区桥沟街道', 'ON_JOB', '2024-02-05 10:00:00', '2024-03-20 11:20:00', 0),
('S004', 'ST2024004', 'P002', '陈伟强', 'MALE', '1982-05-30', '13900139004', '延安市宝塔区北关街道', 'ON_JOB', '2024-02-10 08:00:00', '2024-03-19 09:45:00', 0),
('S005', 'ST2024005', 'P003', '林美红', 'FEMALE', '1988-09-12', '13900139005', '延安市安塞区真武洞街道', 'ON_JOB', '2024-02-15 09:30:00', '2024-03-17 16:00:00', 0),
('S006', 'ST2024006', 'P004', '周志远', 'MALE', '1992-01-25', '13900139006', '延安市延川县社管中心', 'ON_JOB', '2024-02-18 10:30:00', '2024-03-21 13:15:00', 0),
('S007', 'ST2024007', 'P004', '吴静怡', 'FEMALE', '1995-06-18', '13900139007', '延安市子长市瓦窑堡街道', 'ON_JOB', '2024-02-22 14:00:00', '2024-03-22 10:30:00', 0),
('S008', 'ST2024008', 'P006', '黄建国', 'MALE', '1980-12-03', '13900139008', '延安市黄陵县桥山镇', 'ON_JOB', '2024-03-01 08:30:00', '2024-03-20 15:45:00', 0);

-- ============================================
-- 3. 老人客户数据 (t_elder) - 延安市及下属区县
-- ============================================
INSERT INTO t_elder (elder_id, elder_no, elder_name, gender, birth_date, phone, address, care_level, status, register_date, create_time, update_time, deleted) VALUES
('E001', 'EL2024001', '张桂兰', 'FEMALE', '1945-06-20', '13700137001', '延安市宝塔区宝塔山街道102号', 'MEDIUM', 'ACTIVE', '2024-01-10', '2024-01-10 09:00:00', '2024-03-15 14:00:00', 0),
('E002', 'EL2024002', '王德胜', 'MALE', '1942-11-15', '13700137002', '延安市宝塔区南市街道88号', 'HIGH', 'ACTIVE', '2024-01-12', '2024-01-12 10:30:00', '2024-03-18 11:20:00', 0),
('E003', 'EL2024003', '李秀英', 'FEMALE', '1948-03-08', '13700137003', '延安市安塞区真武洞街道200号', 'NORMAL', 'ACTIVE', '2024-01-15', '2024-01-15 08:00:00', '2024-03-20 16:30:00', 0),
('E004', 'EL2024004', '陈明辉', 'MALE', '1950-09-25', '13700137004', '延安市延川县社管中心50号', 'NORMAL', 'ACTIVE', '2024-01-18', '2024-01-18 11:00:00', '2024-03-19 10:15:00', 0),
('E005', 'EL2024005', '刘玉珍', 'FEMALE', '1946-07-12', '13700137005', '延安市子长市瓦窑堡街道88号', 'MEDIUM', 'ACTIVE', '2024-02-01', '2024-02-01 09:30:00', '2024-03-17 14:45:00', 0),
('E006', 'EL2024006', '黄文昌', 'MALE', '1943-12-30', '13700137006', '延安市志丹县保安街道120号', 'HIGH', 'ACTIVE', '2024-02-05', '2024-02-05 10:00:00', '2024-03-16 09:30:00', 0),
('E007', 'EL2024007', '杨雪芳', 'FEMALE', '1952-04-18', '13700137007', '延安市黄陵县桥山镇66号', 'NORMAL', 'ACTIVE', '2024-02-10', '2024-02-10 08:30:00', '2024-03-21 15:00:00', 0),
('E008', 'EL2024008', '周永祥', 'MALE', '1948-08-05', '13700137008', '延安市甘泉县美水街道38号', 'MEDIUM', 'ACTIVE', '2024-02-15', '2024-02-15 09:00:00', '2024-03-20 11:45:00', 0),
('E009', 'EL2024009', '赵桂香', 'FEMALE', '1950-01-28', '13700137009', '延安市富县茶坊街道88号', 'NORMAL', 'ACTIVE', '2024-02-20', '2024-02-20 10:30:00', '2024-03-22 14:20:00', 0),
('E010', 'EL2024010', '吴兰英', 'FEMALE', '1944-10-12', '13700137010', '延安市洛川县凤栖街道100号', 'HIGH', 'ACTIVE', '2024-02-25', '2024-02-25 14:00:00', '2024-03-23 10:00:00', 0);

-- ============================================
-- 4. 老人家庭信息 (t_elder_family)
-- ============================================
INSERT INTO t_elder_family (family_id, elder_id, family_type, family_name, family_phone, is_caretaker, is_emergency_contact, create_time, deleted) VALUES
('EF001', 'E001', 'CHILD', '张大伟', '13800138011', 1, 1, '2024-01-10 09:00:00', 0),
('EF002', 'E002', 'CHILD', '王小梅', '13800138012', 1, 1, '2024-01-12 10:30:00', 0),
('EF003', 'E003', 'CHILD', '李明', '13800138013', 1, 1, '2024-01-15 08:00:00', 0),
('EF004', 'E004', 'CHILD', '陈建国', '13800138014', 1, 1, '2024-01-18 11:00:00', 0),
('EF005', 'E005', 'CHILD', '刘强', '13800138015', 1, 1, '2024-02-01 09:30:00', 0),
('EF006', 'E006', 'CHILD', '黄志远', '13800138016', 1, 1, '2024-02-05 10:00:00', 0),
('EF007', 'E007', 'CHILD', '杨帆', '13800138017', 1, 1, '2024-02-10 08:30:00', 0),
('EF008', 'E008', 'CHILD', '周杰', '13800138018', 1, 1, '2024-02-15 09:00:00', 0);

-- ============================================
-- 5. 老人补贴信息 (t_elder_subsidy)
-- ============================================
INSERT INTO t_elder_subsidy (subsidy_id, elder_id, subsidy_type, subsidy_name, subsidy_quota, subsidy_balance, subsidy_start_date, subsidy_status, create_time, deleted) VALUES
('ES001', 'E001', 'MIXED', '北京市居家养老补贴', 1200.00, 800.00, '2024-01-01', 'ACTIVE', '2024-01-10 09:00:00', 0),
('ES002', 'E002', 'GOVERNMENT', '重度失能补贴', 2000.00, 1500.00, '2024-01-01', 'ACTIVE', '2024-01-12 10:30:00', 0),
('ES003', 'E003', 'MIXED', '上海市居家养老补贴', 800.00, 500.00, '2024-01-01', 'ACTIVE', '2024-01-15 08:00:00', 0),
('ES004', 'E004', 'SELF_PAY', '自费用户', 0.00, 0.00, '2024-01-01', 'ACTIVE', '2024-01-18 11:00:00', 0),
('ES005', 'E005', 'MIXED', '广州市居家养老补贴', 1500.00, 1000.00, '2024-01-01', 'ACTIVE', '2024-02-01 09:30:00', 0),
('ES006', 'E006', 'GOVERNMENT', '重度失能补贴', 2000.00, 1200.00, '2024-01-01', 'ACTIVE', '2024-02-05 10:00:00', 0),
('ES007', 'E007', 'MIXED', '深圳市居家养老补贴', 600.00, 400.00, '2024-01-01', 'ACTIVE', '2024-02-10 08:30:00', 0),
('ES008', 'E008', 'MIXED', '杭州市居家养老补贴', 1000.00, 600.00, '2024-01-01', 'ACTIVE', '2024-02-15 09:00:00', 0);

-- ============================================
-- 6. 订单数据 (t_order)
-- ============================================
INSERT INTO t_order (order_id, order_no, elder_id, elder_name, elder_phone, elder_address, service_type_code, service_type_name, service_date, service_time, service_duration, service_address, order_type, order_source, subsidy_type, estimated_price, subsidy_amount, self_pay_amount, status, provider_id, staff_id, create_time, update_time, deleted) VALUES
('O001', 'O20240315001', 'E001', '张桂兰', '13700137001', '北京市朝阳区劲松街道102号', 'HOME_CARE', '生活照料', '2024-03-15', '09:00', 120, '北京市朝阳区劲松街道102号', 'NORMAL', 'COMMUNITY', 'MIXED', 200.00, 120.00, 80.00, 'COMPLETED', 'P001', 'S001', '2024-03-14 08:00:00', '2024-03-15 11:00:00', 0),
('O002', 'O20240316001', 'E002', '王德胜', '13700137002', '北京市东城区朝阳门街道88号', 'HOME_CARE', '生活照料', '2024-03-16', '10:00', 180, '北京市东城区朝阳门街道88号', 'NORMAL', 'COMMUNITY', 'GOVERNMENT', 300.00, 200.00, 0.00, 'COMPLETED', 'P001', 'S001', '2024-03-15 09:00:00', '2024-03-16 13:00:00', 0),
('O003', 'O20240317001', 'E003', '李秀英', '13700137003', '上海市浦东新区陆家嘴街道200号', 'MEAL_DELIVERY', '助餐服务', '2024-03-17', '11:30', 60, '上海市浦东新区陆家嘴街道200号', 'NORMAL', 'ELDER', 'MIXED', 80.00, 48.00, 32.00, 'COMPLETED', 'P002', 'S003', '2024-03-16 14:00:00', '2024-03-17 12:30:00', 0),
('O004', 'O20240318001', 'E004', '陈明辉', '13700137004', '上海市静安区南京西路街道50号', 'CLEANING', '助洁服务', '2024-03-18', '14:00', 120, '上海市静安区南京西路街道50号', 'NORMAL', 'FAMILY', 'SELF_PAY', 150.00, 0.00, 150.00, 'COMPLETED', 'P002', 'S004', '2024-03-17 10:00:00', '2024-03-18 16:00:00', 0),
('O005', 'O20240319001', 'E005', '刘玉珍', '13700137005', '广州市天河区石牌街道88号', 'HEALTH_MONITORING', '健康监测', '2024-03-19', '08:30', 60, '广州市天河区石牌街道88号', 'NORMAL', 'COMMUNITY', 'MIXED', 120.00, 72.00, 48.00, 'COMPLETED', 'P003', 'S005', '2024-03-18 16:00:00', '2024-03-19 09:30:00', 0),
('O006', 'O20240320001', 'E006', '黄文昌', '13700137006', '广州市越秀区北京街道120号', 'HOME_CARE', '生活照料', '2024-03-20', '09:00', 180, '广州市越秀区北京街道120号', 'NORMAL', 'COMMUNITY', 'GOVERNMENT', 300.00, 200.00, 0.00, 'COMPLETED', 'P003', 'S005', '2024-03-19 08:00:00', '2024-03-20 12:00:00', 0),
('O007', 'O20240321001', 'E007', '杨雪芳', '13700137007', '深圳市南山区蛇口街道66号', 'REHABILITATION', '康复护理', '2024-03-21', '15:00', 120, '深圳市南山区蛇口街道66号', 'NORMAL', 'ELDER', 'MIXED', 250.00, 150.00, 100.00, 'COMPLETED', 'P004', 'S006', '2024-03-20 10:30:00', '2024-03-21 17:00:00', 0),
('O008', 'O20240322001', 'E008', '周永祥', '13700137008', '杭州市西湖区西湖街道38号', 'COMPANION', '精神慰藉', '2024-03-22', '10:00', 120, '杭州市西湖区西湖街道38号', 'NORMAL', 'COMMUNITY', 'MIXED', 160.00, 96.00, 64.00, 'COMPLETED', 'P006', 'S008', '2024-03-21 09:00:00', '2024-03-22 12:00:00', 0),
('O009', 'O20240323001', 'E009', '赵桂香', '13700137009', '成都市武侯区玉林街道88号', 'MEAL_DELIVERY', '助餐服务', '2024-03-23', '11:00', 60, '成都市武侯区玉林街道88号', 'NORMAL', 'FAMILY', 'SELF_PAY', 60.00, 0.00, 60.00, 'PENDING', 'P003', NULL, '2024-03-22 14:00:00', '2024-03-22 14:00:00', 0),
('O010', 'O20240324001', 'E010', '吴兰英', '13700137010', '北京市海淀区中关村街道100号', 'HOME_CARE', '生活照料', '2024-03-24', '09:30', 180, '北京市海淀区中关村街道100号', 'NORMAL', 'COMMUNITY', 'GOVERNMENT', 300.00, 200.00, 0.00, 'DISPATCHED', 'P001', 'S002', '2024-03-23 10:00:00', '2024-03-23 16:00:00', 0),
('O011', 'O20240325001', 'E001', '张桂兰', '13700137001', '北京市朝阳区劲松街道102号', 'BATHING', '助浴服务', '2024-03-25', '14:00', 120, '北京市朝阳区劲松街道102号', 'NORMAL', 'ELDER', 'MIXED', 180.00, 108.00, 72.00, 'RECEIVED', 'P001', 'S002', '2024-03-24 08:00:00', '2024-03-24 10:00:00', 0),
('O012', 'O20240325002', 'E003', '李秀英', '13700137003', '上海市浦东新区陆家嘴街道200号', 'DAY_CARE', '日间照料', '2024-03-25', '08:00', 480, '上海市浦东新区陆家嘴街道200号', 'NORMAL', 'COMMUNITY', 'MIXED', 400.00, 240.00, 160.00, 'PENDING', 'P002', NULL, '2024-03-24 16:00:00', '2024-03-24 16:00:00', 0);

-- ============================================
-- 7. 服务评价数据 (t_service_evaluation)
-- ============================================
INSERT INTO t_service_evaluation (evaluation_id, order_id, elder_id, provider_id, staff_id, rating, evaluation_content, evaluation_time, reply_content, reply_time, status, create_time, deleted) VALUES
('EV001', 'O001', 'E001', 'P001', 'S001', 5, '护理员服务非常专业，非常满意！', '2024-03-15 14:00:00', '感谢您的好评，我们会继续努力！', '2024-03-15 16:00:00', 'NORMAL', '2024-03-15 14:00:00', 0),
('EV002', 'O002', 'E002', 'P001', 'S001', 5, '照顾老人很细心，非常满意服务！', '2024-03-16 15:00:00', '谢谢您的认可！', '2024-03-16 17:00:00', 'NORMAL', '2024-03-16 15:00:00', 0),
('EV003', 'O003', 'E003', 'P002', 'S003', 4, '送餐及时，饭菜质量不错！', '2024-03-17 13:00:00', NULL, NULL, 'NORMAL', '2024-03-17 13:00:00', 0),
('EV004', 'O004', 'E004', 'P002', 'S004', 4, '打扫得很干净，非常满意！', '2024-03-18 17:00:00', '感谢您的好评！', '2024-03-18 18:00:00', 'NORMAL', '2024-03-18 17:00:00', 0),
('EV005', 'O005', 'E005', 'P003', 'S005', 5, '健康监测很专业，给出了很好的建议！', '2024-03-19 11:00:00', '谢谢您的认可！', '2024-03-19 12:00:00', 'NORMAL', '2024-03-19 11:00:00', 0),
('EV006', 'O006', 'E006', 'P003', 'S005', 5, '服务很好，老人很满意！', '2024-03-20 14:00:00', NULL, NULL, 'NORMAL', '2024-03-20 14:00:00', 0),
('EV007', 'O007', 'E007', 'P004', 'S006', 5, '康复护理效果很好，推荐！', '2024-03-21 18:00:00', '感谢您的好评！', '2024-03-21 19:00:00', 'NORMAL', '2024-03-21 18:00:00', 0),
('EV008', 'O008', 'E008', 'P006', 'S008', 4, '陪伴服务让老人很开心！', '2024-03-22 14:00:00', NULL, NULL, 'NORMAL', '2024-03-22 14:00:00', 0);

-- ============================================
-- 8. 结算数据 (t_settlement)
-- ============================================
INSERT INTO t_settlement (settlement_id, settlement_no, settlement_type, provider_id, provider_name, settlement_period_start, settlement_period_end, total_order_count, total_service_amount, total_subsidy_amount, total_self_pay_amount, settlement_amount, status, create_time, deleted) VALUES
('ST001', 'ST202402001', 'MONTHLY', 'P001', '北京福寿康养老服务有限公司', '2024-02-01', '2024-02-29', 45, 9000.00, 5400.00, 3600.00, 9000.00, 'CONFIRMED', '2024-03-01 08:00:00', 0),
('ST002', 'ST202402002', 'MONTHLY', 'P002', '上海幸福里养老服务中心', '2024-02-01', '2024-02-29', 38, 7600.00, 4560.00, 3040.00, 7600.00, 'CONFIRMED', '2024-03-02 09:00:00', 0),
('ST003', 'ST202402003', 'MONTHLY', 'P003', '广州夕阳红养老服务公司', '2024-02-01', '2024-02-29', 32, 6400.00, 3840.00, 2560.00, 6400.00, 'PENDING', '2024-03-03 10:00:00', 0),
('ST004', 'ST202403001', 'MONTHLY', 'P001', '北京福寿康养老服务有限公司', '2024-03-01', '2024-03-15', 28, 5600.00, 3360.00, 2240.00, 5600.00, 'PENDING', '2024-03-16 08:00:00', 0),
('ST005', 'ST202402004', 'MONTHLY', 'P004', '深圳温馨家园养老服务', '2024-02-01', '2024-02-29', 25, 5000.00, 3000.00, 2000.00, 5000.00, 'CONFIRMED', '2024-03-04 09:00:00', 0);

-- ============================================
-- 9. 字典数据 (t_dict_type, t_dict_item)
-- ============================================
INSERT INTO t_dict_type (dict_type_id, dict_type_code, dict_type_name, dict_type_desc, is_system, sort_order, status, create_time, deleted) VALUES
('DT001', 'gender', '性别', '性别字典', 1, 1, 'NORMAL', '2024-01-01 00:00:00', 0),
('DT002', 'user_type', '用户类型', '用户类型字典', 1, 2, 'NORMAL', '2024-01-01 00:00:00', 0),
('DT003', 'order_status', '订单状态', '订单状态字典', 1, 3, 'NORMAL', '2024-01-01 00:00:00', 0),
('DT004', 'care_level', '护理级别', '老人护理级别', 1, 4, 'NORMAL', '2024-01-01 00:00:00', 0),
('DT005', 'subsidy_type', '补贴类型', '政府补贴类型', 1, 5, 'NORMAL', '2024-01-01 00:00:00', 0);

INSERT INTO t_dict_item (dict_item_id, dict_type_id, dict_item_code, dict_item_name, dict_item_value, sort_order, status, create_time, deleted) VALUES
('DI001', 'DT001', 'MALE', '男', 'MALE', 1, 'NORMAL', '2024-01-01 00:00:00', 0),
('DI002', 'DT001', 'FEMALE', '女', 'FEMALE', 2, 'NORMAL', '2024-01-01 00:00:00', 0),
('DI003', 'DT002', 'SYSTEM', '系统管理员', 'SYSTEM', 1, 'NORMAL', '2024-01-01 00:00:00', 0),
('DI004', 'DT002', 'TENANT', '租户管理员', 'TENANT', 2, 'NORMAL', '2024-01-01 00:00:00', 0),
('DI005', 'DT002', 'PROVIDER', '服务商管理员', 'PROVIDER', 3, 'NORMAL', '2024-01-01 00:00:00', 0),
('DI006', 'DT003', 'CREATED', '已创建', 'CREATED', 1, 'NORMAL', '2024-01-01 00:00:00', 0),
('DI007', 'DT003', 'DISPATCHED', '已派单', 'DISPATCHED', 2, 'NORMAL', '2024-01-01 00:00:00', 0),
('DI008', 'DT003', 'RECEIVED', '已接单', 'RECEIVED', 3, 'NORMAL', '2024-01-01 00:00:00', 0),
('DI009', 'DT003', 'IN_SERVICE', '服务中', 'IN_SERVICE', 4, 'NORMAL', '2024-01-01 00:00:00', 0),
('DI010', 'DT003', 'COMPLETED', '已完成', 'COMPLETED', 5, 'NORMAL', '2024-01-01 00:00:00', 0),
('DI011', 'DT003', 'CANCELLED', '已取消', 'CANCELLED', 6, 'NORMAL', '2024-01-01 00:00:00', 0),
('DI012', 'DT004', 'NORMAL', '能力完好', 'NORMAL', 1, 'NORMAL', '2024-01-01 00:00:00', 0),
('DI013', 'DT004', 'MILD', '轻度失能', 'MILD', 2, 'NORMAL', '2024-01-01 00:00:00', 0),
('DI014', 'DT004', 'MODERATE', '中度失能', 'MODERATE', 3, 'NORMAL', '2024-01-01 00:00:00', 0),
('DI015', 'DT004', 'SEVERE', '重度失能', 'SEVERE', 4, 'NORMAL', '2024-01-01 00:00:00', 0),
('DI016', 'DT005', 'SELF_PAY', '自费', 'SELF_PAY', 1, 'NORMAL', '2024-01-01 00:00:00', 0),
('DI017', 'DT005', 'GOVERNMENT', '政府补贴', 'GOVERNMENT', 2, 'NORMAL', '2024-01-01 00:00:00', 0),
('DI018', 'DT005', 'MIXED', '混合补贴', 'MIXED', 3, 'NORMAL', '2024-01-01 00:00:00', 0);

-- ============================================
-- 10. 服务类型数据 (t_service_type)
-- ============================================
INSERT INTO t_service_type (service_type_id, service_type_code, service_type_name, service_type_desc, unit, unit_price, subsidy_rate, is_active, sort_order, create_time, deleted) VALUES
('STY001', 'HOME_CARE', '生活照料', '为老人提供日常生活的照料服务', '次', 100.00, 0.60, 1, 1, '2024-01-01 00:00:00', 0),
('STY002', 'MEAL_DELIVERY', '助餐服务', '为老人提供上门送餐服务', '次', 60.00, 0.60, 1, 2, '2024-01-01 00:00:00', 0),
('STY003', 'CLEANING', '助洁服务', '为老人提供家庭清洁服务', '次', 75.00, 0.50, 1, 3, '2024-01-01 00:00:00', 0),
('STY004', 'BATHING', '助浴服务', '为老人提供上门助浴服务', '次', 90.00, 0.60, 1, 4, '2024-01-01 00:00:00', 0),
('STY005', 'DAY_CARE', '日间照料', '白天在养老机构接受照料服务', '天', 200.00, 0.60, 1, 5, '2024-01-01 00:00:00', 0),
('STY006', 'HEALTH_MONITORING', '健康监测', '为老人提供血压、血糖等健康监测', '次', 60.00, 0.60, 1, 6, '2024-01-01 00:00:00', 0),
('STY007', 'REHABILITATION', '康复护理', '为老人提供康复训练和护理服务', '次', 125.00, 0.60, 1, 7, '2024-01-01 00:00:00', 0),
('STY008', 'COMPANION', '精神慰藉', '为老人提供陪伴和心理疏导服务', '次', 80.00, 0.60, 1, 8, '2024-01-01 00:00:00', 0);

-- ============================================
-- 11. 区域数据 (t_area)
-- ============================================
INSERT INTO t_area (area_id, parent_id, area_code, area_name, area_level, sort_order, status, create_time, deleted) VALUES
('A001', NULL, '110000', '北京市', 1, 1, 'NORMAL', '2024-01-01 00:00:00', 0),
('A00101', 'A001', '110101', '朝阳区', 2, 1, 'NORMAL', '2024-01-01 00:00:00', 0),
('A00102', 'A001', '110102', '东城区', 2, 2, 'NORMAL', '2024-01-01 00:00:00', 0),
('A00103', 'A001', '110105', '海淀区', 2, 3, 'NORMAL', '2024-01-01 00:00:00', 0),
('A002', NULL, '310000', '上海市', 1, 2, 'NORMAL', '2024-01-01 00:00:00', 0),
('A00201', 'A002', '310101', '黄浦区', 2, 1, 'NORMAL', '2024-01-01 00:00:00', 0),
('A00202', 'A002', '310105', '静安区', 2, 2, 'NORMAL', '2024-01-01 00:00:00', 0),
('A00203', 'A002', '310115', '浦东新区', 2, 3, 'NORMAL', '2024-01-01 00:00:00', 0),
('A003', NULL, '440000', '广东省', 1, 3, 'NORMAL', '2024-01-01 00:00:00', 0),
('A00301', 'A003', '440106', '天河区', 2, 1, 'NORMAL', '2024-01-01 00:00:00', 0),
('A00302', 'A003', '440305', '南山区', 2, 2, 'NORMAL', '2024-01-01 00:00:00', 0);

SELECT '测试数据导入完成!' AS result;
